{"model_comparison": [{"Model": "XGBoost", "AUC-ROC": 0.7329, "F1": 0.2258, "Precision": 0.4453, "Recall": 0.1513}, {"Model": "Random Forest", "AUC-ROC": 0.6899, "F1": 0.3262, "Precision": 0.3609, "Recall": 0.2976}, {"Model": "Logistic Regression", "AUC-ROC": 0.6766, "F1": 0.4096, "Precision": 0.3148, "Recall": 0.586}, {"Model": "Decision Tree", "AUC-ROC": 0.5527, "F1": 0.3185, "Precision": 0.3397, "Recall": 0.2998}], "best_params": {"model__learning_rate": 0.05, "model__max_depth": 5, "model__n_estimators": 200, "model__subsample": 0.8}, "cv_best_auc": 0.7356, "test_metrics": {"AUC_ROC": 0.7378, "F1": 0.4423, "Precision": 0.2911, "Recall": 0.9202, "Accuracy": 0.5315}, "confusion_matrix": [[7642, 10000], [356, 4107]], "classification_report": {"0": {"precision": 0.9554888722180546, "recall": 0.43317084230812836, "f1-score": 0.5960998439937597, "support": 17642.0}, "1": {"precision": 0.29113206209683135, "recall": 0.9202330271118082, "f1-score": 0.44232633279483036, "support": 4463.0}, "accuracy": 0.5315087084370052, "macro avg": {"precision": 0.623310467157443, "recall": 0.6767019347099683, "f1-score": 0.519213088394295, "support": 22105.0}, "weighted avg": {"precision": 0.8213552172272823, "recall": 0.5315087084370052, "f1-score": 0.5650529686044441, "support": 22105.0}}}